<?xml version="1.0" encoding="UTF-8"?>

<!DOCTYPE hibernate-configuration PUBLIC

"-//Hibernate/Hibernate Configuration DTD 3.0//EN"

"http://hibernate.sourceforge.net/hibernate-configuration-3.0.dtd">



<hibernate-configuration>

<session-factory>

     <property name="connection.driver_class">oracle.jdbc.driver.OracleDriver</property>

    <property name="connection.url">jdbc:oracle:thin:@127.0.0.1:1521:xe</property>

    <property name="connection.username">system</property>

    <property name="connection.password">admin</property>

 	<property name="dialect">org.hibernate.dialect.OracleDialect</property>

    <property name="show_sql">false</property>

         <property name="hibernate.hbm2ddl.auto">update</property>

      <!-- Mapping files -->

      <mapping class="com.cms.deloitte.model.Customer"/> 

</session-factory>

</hibernate-configuration>